{"tobacco800_input_3_classes_4_nn_effnetB0_FT_Layer11": {"NextPage": {"precision": 0.7980769230769231, "recall": 0.7830188679245284, "f1-score": 0.7904761904761906, "support": 106}, "FirstPage": {"precision": 0.8516129032258064, "recall": 0.8627450980392157, "f1-score": 0.8571428571428572, "support": 153}, "accuracy": 0.8301158301158301, "macro avg": {"precision": 0.8248449131513648, "recall": 0.8228819829818721, "f1-score": 0.8238095238095239, "support": 259}, "weighted avg": {"precision": 0.8297024248637151, "recall": 0.8301158301158301, "f1-score": 0.8298584298584298, "support": 259}, "valid_acc": 0.7857142857142857, "valid_kappa": 0.5681767483893224, "test_acc": 0.8472222222222222, "test_kappa": 0.6783768733969661}}